book name,book genre,user id,user rating,user age
Blue Blood,history,101,7,25
Naive,drama,101,6,25
Freedom,poetry,102,8,33
Blue Blood,history,102,6,33
balckburn yard,detective,103,9,27
ghost,horror,104,7,24
titanic,romantic,105,6,26
mars,science fiction,106,9,28
balckburn yard,detective,107,8,29
battle,politics,108,7,30
experiment,science,109,8,23
count it,math,110,8,24
Heaven,religion,111,7,27
mystic,philosophy,112,9,30
rhythm,music,113,6,27
negative,drama,114,5,27
fog,poetry,115,7,30
kiss,romantic,116,6,25
murder valley,detective,117,8,27
jupiter,science fiction,118,7,26
soil,science,119,8,24
the wall,horror,120,4,25
punishment,religion,121,8,27
utility,philosophy,122,10,26
divide,politics,123,7,27
hero,drama,124,6,26
war,history,125,8,27
Heaven,religion,126,8,25
kiss,romantic,127,6,28
ghost,horror,128,8,26
mystic,philosophy,127,7,26
mars,science fiction,128,9,26
Freedom,poetry,129,7,26
fog,poetry,130,8,25
count it,math,131,7,23
Blue Blood,history,132,8,24
ghost,horror,133,6,26
mars,science fiction,135,8,26
negative,drama,136,6,24
murder valley,detective,137,7,24
the wall,horror,138,5,24
titanic,romantic,139,6,25
ghost,horror,140,6,28
war,history,141,9,28
Freedom,poetry,142,7,30
balckburn yard,detective,143,10,25
ghost,horror,144,6,27
mystic,philosophy,145,8,32
battle,politics,146,8,33
jupiter,science fiction,147,8,25
punishment,religion,148,7,34
Naive,drama,149,5,28
titanic,romantic,150,7,24
utility,philosophy,151,9,26
murder valley,detective,152,9,26
experiment,science,153,7,24
Heaven,religion,154,6,24
divide,politics,155,8,28
rhythm,music,156,7,28
the wall,horror,157,3,26
negative,drama,158,5,25
mars,science fiction,159,8,28
titanic,romantic,160,5,28
Blue Blood,history,161,7,25
utility,philosophy,162,8,27
murder valley,detective,163,9,24
fog,poetry,164,8,27
war,history,165,7,25
punishment,religion,166,6,26
kiss,romantic,167,7,25
soil,science,168,9,23
battle,politics,169,7,30
Heaven,religion,170,5,26
hero,drama,171,5,24
divide,politics,172,8,28
rhythm,music,173,8,23
the wall,horror,174,6,23
Freedom,poetry,175,6,23
experiment,science,176,9,25
mars,science fiction,177,9,29
count it,math,178,7,27
Blue Blood,history,179,8,29
utility,philosophy,180,9,32
the wall,horror,181,4,24
Heaven,religion,182,5,26
utility,philosophy,183,10,34
mars,science fiction,184,8,28
hero,drama,185,4,27
mystic,philosophy,186,8,28
Naive,drama,187,4,25
balckburn yard,detective,188,9,26
Naive,drama,189,6,23
the wall,horror,190,4,24
Blue Blood,history,191,8,26
balckburn yard,detective,192,10,22
Freedom,poetry,193,8,23
Heaven,religion,194,8,29
negative,drama,195,6,26
rhythm,music,196,8,28
battle,politics,197,7,29
jupiter,science fiction,198,7,27
titanic,romantic,199,6,25
fog,poetry,200,9,22
fog,poetry,101,7,25
ghost,horror,102,5,33
battle,politics,103,8,27
mystic,philosophy,103,7,27
titanic,romantic,117,4,27
ghost,horror,117,6,27
Heaven,religion,118,5,26
hero,drama,118,6,26
count it,math,119,9,24
battle,politics,119,7,24
utility,philosophy,125,9,27
hero,drama,125,5,27
mystic,philosophy,126,7,25
battle,politics,126,9,25
titanic,romantic,127,7,28
Naive,drama,127,6,28
the wall,horror,133,7,26
murder valley,detective,133,8,26
battle,politics,134,8,26
divide,politics,134,9,26
count it,math,135,8,26
experiment,science,135,9,26
ghost,horror,147,5,25
Freedom,poetry,147,7,25
Heaven,religion,148,8,34
battle,politics,148,7,34
rhythm,music,149,6,28
hero,drama,149,4,28
battle,politics,154,7,24
mystic,philosophy,154,8,24
murder valley,detective,155,9,28
balckburn yard,detective,155,8,28
negative,drama,156,4,28
ghost,horror,156,6,28
mystic,philosophy,162,7,27
Heaven,religion,162,6,27
divide,politics,163,8,24
titanic,romantic,163,5,24
Freedom,poetry,164,7,27
negative,drama,164,6,27
mars,science fiction,176,7,25
soil,science,176,9,25
ghost,horror,178,5,27
balckburn yard,detective,178,7,27
war,history,179,7,29
divide,politics,179,7,29
punishment,religion,182,4,26
mystic,philosophy,182,6,26
mystic,philosophy,183,7,34
hero,drama,183,5,34
titanic,romantic,187,5,25
balckburn yard,detective,187,8,25
mystic,philosophy,194,9,29
war,history,194,7,29
divide,politics,197,8,29
kiss,romantic,197,5,29
kiss,romantic,199,7,25
hero,drama,199,6,25
the wall,horror,104,5,24
kiss,romantic,104,6,24
kiss,romantic,105,7,26
Freedom,poetry,105,6,26
jupiter,science fiction,106,7,28
murder valley,detective,107,7,29
Freedom,poetry,108,8,30
divide,politics,109,6,23
mars,science fiction,110,8,24
war,history,111,8,27
the wall,horror,112,6,30
count it,math,159,7,28
negative,drama,165,5,25
battle,politics,172,9,28
battle,politics,112,8,30
balckburn yard,detective,112,9,30
balckburn yard,detective,126,8,25
battle,politics,127,7,28
battle,politics,145,7,32
balckburn yard,detective,145,7,32
balckburn yard,detective,154,8,24
battle,politics,162,6,27
mystic,philosophy,122,8,26
Heaven,religion,122,6,26
Blue Blood,history,125,6,27
mystic,philosophy,151,8,26
mystic,philosophy,180,7,32
Heaven,religion,180,7,32
balckburn yard,detective,183,8,34
war,history,155,6,28
Blue Blood,history,133,6,26
Heaven,religion,163,6,24
jupiter,science fiction,184,7,28
titanic,romantic,197,6,29
battle,politics,194,7,29
Blue Blood,history,165,6,25
Murder valley,detective,180,6,32
utility,philosophy,194,8,29
